username,repo_name,stars,repo_url
flutter,flutter,165000,https://github.com/flutter/flutter
facebook,react-native,118000,https://github.com/facebook/react-native
justjavac,free-programming-books-zh_CN,111000,https://github.com/justjavac/free-programming-books-zh_CN
Genymobile,scrcpy,109000,https://github.com/Genymobile/scrcpy
Hack-with-Github,Awesome-Hacking,82900,https://github.com/Hack-with-Github/Awesome-Hacking
Solido,awesome-flutter,53000,https://github.com/Solido/awesome-flutter
tldr-pages,tldr,50400,https://github.com/tldr-pages/tldr
google,material-design-icons,50400,https://github.com/google/material-design-icons
wasabeef,awesome-android-ui,50300,https://github.com/wasabeef/awesome-android-ui
square,okhttp,45700,https://github.com/square/okhttp
laurent22,joplin,45200,https://github.com/laurent22/joplin
android,architecture-samples,44300,https://github.com/android/architecture-samples
appwrite,appwrite,43700,https://github.com/appwrite/appwrite
square,retrofit,43000,https://github.com/square/retrofit
skylot,jadx,41000,https://github.com/skylot/jadx
dcloudio,uni-app,39900,https://github.com/dcloudio/uni-app
fastlane,fastlane,39400,https://github.com/fastlane/fastlane
PhilJay,MPAndroidChart,37500,https://github.com/PhilJay/MPAndroidChart
shadowsocks,shadowsocks-android,35000,https://github.com/shadowsocks/shadowsocks-android
airbnb,lottie-android,35000,https://github.com/airbnb/lottie-android
