username,repo_name,stars,repo_url
public-apis,public-apis,313000,https://github.com/public-apis/public-apis
neovim,neovim,81800,https://github.com/neovim/neovim
fastapi,fastapi,75700,https://github.com/fastapi/fastapi
hoppscotch,hoppscotch,63900,https://github.com/hoppscotch/hoppscotch
strapi,strapi,62800,https://github.com/strapi/strapi
ocornut,imgui,59500,https://github.com/ocornut/imgui
slatedocs,slate,36000,https://github.com/slatedocs/slate
QuivrHQ,quivr,36000,https://github.com/QuivrHQ/quivr
trpc,trpc,34400,https://github.com/trpc/trpc
Kong,insomnia,34400,https://github.com/Kong/insomnia
httpie,cli,33400,https://github.com/httpie/cli
ccxt,ccxt,32500,https://github.com/ccxt/ccxt
hasura,graphql-engine,31100,https://github.com/hasura/graphql-engine
Binaryify,NeteaseCloudMusicApi,30300,https://github.com/Binaryify/NeteaseCloudMusicApi
encode,django-rest-framework,28200,https://github.com/encode/django-rest-framework
YMFE,yapi,27300,https://github.com/YMFE/yapi
directus,directus,27200,https://github.com/directus/directus
littlecodersh,ItChat,25400,https://github.com/littlecodersh/ItChat
mudler,LocalAI,23400,https://github.com/mudler/LocalAI
PostgREST,postgrest,23200,https://github.com/PostgREST/postgrest
