username,repo_name,stars,repo_url
twbs,bootstrap,170000,https://github.com/twbs/bootstrap
ColorlibHQ,AdminLTE,43900,https://github.com/ColorlibHQ/AdminLTE
tabler,tabler,37800,https://github.com/tabler/tabler
mdbootstrap,mdb-ui-kit,24200,https://github.com/mdbootstrap/mdb-ui-kit
react-bootstrap,react-bootstrap,22400,https://github.com/react-bootstrap/react-bootstrap
ColorlibHQ,gentelella,21000,https://github.com/ColorlibHQ/gentelella
verekia,js-stack-from-scratch,20100,https://github.com/verekia/js-stack-from-scratch
thomaspark,bootswatch,14500,https://github.com/thomaspark/bootswatch
bootstrap-vue,bootstrap-vue,14500,https://github.com/bootstrap-vue/bootstrap-vue
selectize,selectize.js,13000,https://github.com/selectize/selectize.js
uxsolutions,bootstrap-datepicker,12700,https://github.com/uxsolutions/bootstrap-datepicker
coreui,coreui-free-bootstrap-admin-template,11900,https://github.com/coreui/coreui-free-bootstrap-admin-template
wenzhixin,bootstrap-table,11700,https://github.com/wenzhixin/bootstrap-table
Templarian,MaterialDesign,11000,https://github.com/Templarian/MaterialDesign
reactstrap,reactstrap,10600,https://github.com/reactstrap/reactstrap
snapappointments,bootstrap-select,9800,https://github.com/snapappointments/bootstrap-select
StartBootstrap,startbootstrap-sb-admin-2,9700,https://github.com/StartBootstrap/startbootstrap-sb-admin-2
mdbootstrap,material-design-for-bootstrap,9300,https://github.com/mdbootstrap/material-design-for-bootstrap
ng-bootstrap,ng-bootstrap,8200,https://github.com/ng-bootstrap/ng-bootstrap
twbs,icons,7300,https://github.com/twbs/icons
