username,repo_name,stars,repo_url
practical-tutorials,project-based-learning,198000,https://github.com/practical-tutorials/project-based-learning
CyC2018,CS-Notes,175000,https://github.com/CyC2018/CS-Notes
fffaraz,awesome-cpp,58800,https://github.com/fffaraz/awesome-cpp
azl397985856,leetcode,54500,https://github.com/azl397985856/leetcode
youngyangyang04,leetcode-master,50600,https://github.com/youngyangyang04/leetcode-master
x64dbg,x64dbg,44300,https://github.com/x64dbg/x64dbg
WerWolv,ImHex,43300,https://github.com/WerWolv/ImHex
Light-City,CPlusPlusThings,38900,https://github.com/Light-City/CPlusPlusThings
ClickHouse,ClickHouse,36800,https://github.com/ClickHouse/ClickHouse
huihut,interview,34500,https://github.com/huihut/interview
carbon-language,carbon-lang,32299,https://github.com/carbon-language/carbon-lang
doocs,leetcode,30900,https://github.com/doocs/leetcode
CMU-Perceptual-Computing-Lab,openpose,30800,https://github.com/CMU-Perceptual-Computing-Lab/openpose
TheAlgorithms,C-Plus-Plus,30100,https://github.com/TheAlgorithms/C-Plus-Plus
microsoft,calculator,29500,https://github.com/microsoft/calculator
aseprite,aseprite,28700,https://github.com/aseprite/aseprite
dragonflydb,dragonfly,25300,https://github.com/dragonflydb/dragonfly
gabime,spdlog,23900,https://github.com/gabime/spdlog
changkun,modern-cpp-tutorial,23900,https://github.com/changkun/modern-cpp-tutorial
ethereum,solidity,23100,https://github.com/ethereum/solidity
