username,repo_name,stars,repo_url
Genymobile,scrcpy,109000,https://github.com/Genymobile/scrcpy
neovim,neovim,81800,https://github.com/neovim/neovim
obsproject,obs-studio,58900,https://github.com/obsproject/obs-studio
fffaraz,awesome-cpp,58800,https://github.com/fffaraz/awesome-cpp
git,git,51800,https://github.com/git/git
FFmpeg,FFmpeg,45000,https://github.com/FFmpeg/FFmpeg
serhii-londar,open-source-mac-os-apps,41100,https://github.com/serhii-londar/open-source-mac-os-apps
vim,vim,36100,https://github.com/vim/vim
curl,curl,35400,https://github.com/curl/curl
huihut,interview,34500,https://github.com/huihut/interview
mpv-player,mpv,27900,https://github.com/mpv-player/mpv
ggreer,the_silver_searcher,26100,https://github.com/ggreer/the_silver_searcher
ossrs,srs,25400,https://github.com/ossrs/srs
kovidgoyal,kitty,23800,https://github.com/kovidgoyal/kitty
google,flatbuffers,23100,https://github.com/google/flatbuffers
microsoft,vcpkg,22800,https://github.com/microsoft/vcpkg
ruby,ruby,21900,https://github.com/ruby/ruby
raysan5,raylib,21600,https://github.com/raysan5/raylib
hashcat,hashcat,20900,https://github.com/hashcat/hashcat
forthespada,CS-Books,20400,https://github.com/forthespada/CS-Books
