username,repo_name,stars,repo_url
ohmyzsh,ohmyzsh,173000,https://github.com/ohmyzsh/ohmyzsh
junegunn,fzf,63900,https://github.com/junegunn/fzf
sherlock-project,sherlock,58500,https://github.com/sherlock-project/sherlock
jesseduffield,lazygit,50800,https://github.com/jesseduffield/lazygit
sharkdp,bat,48800,https://github.com/sharkdp/bat
BurntSushi,ripgrep,47700,https://github.com/BurntSushi/ripgrep
n8n-io,n8n,45800,https://github.com/n8n-io/n8n
wagoodman,dive,45500,https://github.com/wagoodman/dive
google,zx,42900,https://github.com/google/zx
chubin,cheat.sh,38100,https://github.com/chubin/cheat.sh
spf13,cobra,37600,https://github.com/spf13/cobra
cli,cli,36700,https://github.com/cli/cli
sharkdp,fd,33400,https://github.com/sharkdp/fd
httpie,cli,33400,https://github.com/httpie/cli
alebcay,awesome-shell,32600,https://github.com/alebcay/awesome-shell
All-Hands-AI,OpenHands,31400,https://github.com/All-Hands-AI/OpenHands
ibraheemdev,modern-unix,30700,https://github.com/ibraheemdev/modern-unix
tqdm,tqdm,28400,https://github.com/tqdm/tqdm
acheong08,ChatGPT,28000,https://github.com/acheong08/ChatGPT
google,python-fire,26900,https://github.com/google/python-fire
