username,repo_name,stars,repo_url
bitcoin,bitcoin,78400,https://github.com/bitcoin/bitcoin
ccxt,ccxt,32500,https://github.com/ccxt/ccxt
OpenBB-finance,OpenBB,30200,https://github.com/OpenBB-finance/OpenBB
freqtrade,freqtrade,28100,https://github.com/freqtrade/freqtrade
dogecoin,dogecoin,14400,https://github.com/dogecoin/dogecoin
monero-project,monero,8900,https://github.com/monero-project/monero
xmrig,xmrig,8600,https://github.com/xmrig/xmrig
hummingbot,hummingbot,7900,https://github.com/hummingbot/hummingbot
kroma-network,tachyon,7800,https://github.com/kroma-network/tachyon
dvf,blockchain,7800,https://github.com/dvf/blockchain
lightningnetwork,lnd,7600,https://github.com/lightningnetwork/lnd
lbryio,lbry-sdk,7200,https://github.com/lbryio/lbry-sdk
StockSharp,StockSharp,7100,https://github.com/StockSharp/StockSharp
firmai,financial-machine-learning,7000,https://github.com/firmai/financial-machine-learning
cosmos,cosmos-sdk,6200,https://github.com/cosmos/cosmos-sdk
sammchardy,python-binance,6000,https://github.com/sammchardy/python-binance
tendermint,tendermint,5700,https://github.com/tendermint/tendermint
jesse-ai,jesse,5500,https://github.com/jesse-ai/jesse
sea-protocol,seaprotocol,5100,https://github.com/sea-protocol/seaprotocol
mimblewimble,grin,5000,https://github.com/mimblewimble/grin
